id,number
1,HHgqE2PS3D
2,vJL7xLZv7q
3,oIIKEJjO7y
4,cxSxjt03ZO
5,Tf5VOVfeD9
6,7witBqLw5M
7,s7hQQXNRBd
8,Nv9AgJbUVw
9,xAt5EfLEmD
10,tFqUlhz6T4
11,OhNjlUcwxl
12,Tdf84JO59v
13,oUZY49wgBP
14,1uAiEVLup9
15,NB8iNDaZvB
16,cQkYrTgKhq
17,aj4QnaqzkX
18,WpH2D4XcTW
19,0eOlhJPbF0
20,v6Q7wIGfPv
21,Db0jjXQYNh
22,2p6WFUN09H
23,k7604btnsm
24,I4xaRmwyTl
25,Tm1NJS2mY8
26,6eVyRvXHaG
27,YaQ91gUcdG
28,xl24Sf1O03
29,AXxE80W4Cn
30,hC1Ybsu9LW
31,49qzlcQVrF
32,Diqb6bZi5n
33,hnmcZ0M07C
34,zVKhqlUWOI
35,jKyEB19Xrj
36,MH5XTUaGqD
37,tqmBr6hkaJ
38,dCRoVYRz8k
39,aZx0IVNguC
40,lKqHVR7YkV
41,Fj4KVN60Sq
42,tTBgtDLfry
43,rQXaSeVuV4
44,4BxrZuuHVr
45,tp31yrK8f7
46,T1zmT2VQDp
47,aXREAjKRy2
48,LF7VzQ1vWF
49,Ak1MHTRhfh
50,JwF1ZVady1
51,zQTZgCMhmL
52,B0It1xLhOX
53,HaJG7eBxH3
54,vO0Vkxivqc
55,ECh6naOHsg
56,4xLiMesT2k
57,bwpP4NlPUI
58,JdCO8K1ERU
59,m8jfkwXA5D
60,AY6D2Pt8qK
61,vFcjK1w1oy
62,vWKKk8NOT0
63,kFvreUnmcq
64,odfbeE3ZrL
65,g9hPocnVwX
66,hRhribQvhn
67,1kywkvy9do
68,ku29ntSfbf
69,xMCtgswooQ
70,thjXYoiMo6
71,0IY48nAyf9
72,yGN6NH6qvr
73,Tfrq9k8KsQ
74,j3XpFfjWKV
75,Ae0ybIAK6a
76,Zpksauqmak
77,4TQezPOSOH
78,KymjN8eFzo
79,CsTh0eiAng
80,qrBKHnCvs9
81,zC8ilSlrnK
82,QY5V8YzXLU
83,7ZKhBhZ11E
84,QSHe1rB2nt
85,YARmnXhydn
86,4lF6wbFFZj
87,nF2quH54dr
88,gG4xSBusjo
89,UbuiA4WkgH
90,B0hbcuPyIM
91,lj9Os0ptLL
92,uB9tT55pPa
93,NjLd77GIYQ
94,GiqnVCgx43
95,GAk8uS5v4J
96,NGTUoj5iml
97,VcLCP4rXpc
98,V7YsTd2WUU
99,jatHfjOICn
100,YWSGTidFwG
101,aT2gOTWuJ4
102,olPOQ6Rbe7
103,8cUy6kfw2U
104,i9XAkiaZpF
105,XtpuIDSVe8
106,RpAkJERoiQ
107,z7smDuycEn
108,V8qNBKS5Lo
109,6RgWhsnWDA
110,VaiJP8EzS5
111,UzFAJs3Q4m
112,FIUns7nwet
113,0XzjbmMTbS
114,uOAwcILjzc
115,SNXxXWtjer
116,AJTveh6bMy
117,KCrTrbMMSw
118,atxXLg04I5
119,KbesNNbCYh
120,uXANRzn7j9
121,xp1qN9N7qg
122,oWcVqqe2SR
123,JJZ4al83yt
124,49OzYx1SDN
125,jqKlYXdHW0
126,JCu5IPrDZI
127,AwRVnVPteS
128,HSUpanxcRm
129,Lwx3un0rEY
130,0bASdYyN9n
131,66sv792z4g
132,NNciBgqiji
133,8MTfrMouXy
134,LyS7ZSG9gr
135,I0k1SuwXWJ
136,fVweN5Wmhf
137,NUI8AQHZak
138,4ebljWuJ1P
139,zLOWRBxbZY
140,rGy0ST864C
141,dlWSRjY8Ff
142,euqRWNe0ku
143,tl1VeVb2xr
144,nZdTY5HODH
145,QkF0j22lzv
146,ykYCccIUsh
147,64cMMgO5Yk
148,pfoTpHLKd9
149,gNjtDg7i6J
150,xJdRFoe2tQ
151,mq9B0euGPc
152,5326Z2tWyc
153,KmAJzuSJFH
154,dE8laajQsK
155,QG64DkWTwx
156,vYsUcVTOnN
157,Mox9BSMtMb
158,heZCb6k8hs
159,vdj0shto1C
160,GhvPBbmJOy
161,2xHHGoEVaS
162,4J3BgR7Awp
163,ejnu0aOP2k
164,bM9qoNzdDU
165,03pWE157af
166,1vse252CXR
167,hOePYKSMDT
168,nKsyBrT3dX
169,a28uM0HsH3
170,yGQEEgLJOh
171,6kurovInCk
172,DisNydyj0o
173,Iw7j7FJyfG
174,ZS1kMb85mT
175,9XVzXatDOU
176,vi0xP1bd2d
177,kYjKSmMLWv
178,rCkNnU6KbD
179,XQUIAEXhav
180,ilVcTdCOpU
181,ymngErYK39
182,u6dWz4elW4
183,bh4dPC81Qo
184,WqM5UfAvLp
185,k5NSONRjAH
186,QbXJjpZGzN
187,Z1zP1RndfV
188,5j1djmopI4
189,ZnlSwkMI42
190,ls1lhqkboN
191,A0OYXiaIOH
192,sVDh07Fj0t
193,BXIISU71qi
194,vsWXlx6xOv
195,nm2otVFPT4
196,S6mUXDb1dm
197,xl8H0COduE
198,weOHl2ArMs
199,y5XPaiRU9n
200,BTNcP19crp
